Text,Source,Language
Both pictures are the same.,Reddit,en
[removed],Reddit,en
"How can it rust if it's stainless ste.... Oh wait, sorry, wrong way. I see now.",Reddit,en
This is brilliant...,Reddit,en
19-20 ka fark hain,Reddit,en
Lagta hai koi new technology mili nahi tho isi ko hi modify kar va dia new technology ğŸ˜‚ğŸ‘ğŸ‘ğŸ¤£ğŸ¤£,Reddit,en
I assure you the one above is bulletproof,Reddit,en
corporate wants you to find the difference between the two pictures,Reddit,en
https://preview.redd.it/mxvmxllatt4e1.png?width=320&format=png&auto=webp&s=023afda6a801e42fb2bdd52aa5b5a95e6e51d949,Reddit,en
"Ok, the first image is gotta be AI generated, and no-one is discussing about that, this is when we all need to be concerned regarding ai taking up our jobs",Reddit,en
They're the same picture,Reddit,en
Sadak se utha kar Car bana dunga...,Reddit,en
Innovation copied tellsa,Reddit,en
"Road and the greens behind the 1st picture doesnâ€™t look like INDIA, sorry bro this post is misleading and cringe ğŸ˜‰",Reddit,en
AI progressing!,Reddit,en
"Wrong sub. This post is not sarcasm, it's the truth. Report the post.",Reddit,en
Thats not even india,Reddit,en
"i mean :,D",Reddit,en
One is trash and the others a skip on wheels.,Reddit,en
https://preview.redd.it/ub4w9sgp735e1.jpeg?width=738&format=pjpg&auto=webp&s=b55728718ac2cdae1f23224a9f8116eecb38002a,Reddit,en
**C4p1t4li5m BrE3d5 1Nn0v4Ti0n**,Reddit,en
That doesnâ€™t look like india,Reddit,en
cringe post,Reddit,en
If you can't compete with them Roast em....ğŸ¤¡,Reddit,en
Lot pot zok saar so puny,Reddit,en
Elon Musk  making a fool out of idiots who don't know any better.,Reddit,en
[deleted],Reddit,en
Same same but different,Reddit,en
"There's no way that india, the road is too clean",Reddit,en
"Corporate wants you to believe, that both are different",Reddit,en
https://preview.redd.it/mazug5pypv4e1.jpeg?width=820&format=pjpg&auto=webp&s=a44d4e100c0916736209864606e3bc792d7102eb,Reddit,en
you got it.  the CyberTruck doesn't come in Burnt Orange.  yet.  ğŸ˜,Reddit,en
Lost in translation ho gaya Bhai..,Reddit,en
1920,Reddit,en
sabhee puraana ab phir se naya hai!  \[ per Google Translate ğŸ˜‡\],Reddit,en
who said we're not evolving?! ğŸ˜,Reddit,en
and they were smart enough to not bother with windows.  :),Reddit,en
"Nah I've seen exactly the same dimension trash bin, but it looked better than this one with lids and stuff on both sides, could be ai but idk",Reddit,en
why?,Reddit,en
Queerphobia? Hinduism alone is way more accepting than all abrahmic religions combined,Reddit,en
"I think you are from Kashmir which is a part of India, right? If you hate our country so much, better go to Pakistan.",Reddit,en
As an Indian ( I literally am ) this is hella cringe shit like this is commented by 23 year olds in rural India who just got a undeserving phone and started to learn English,Reddit,en
https://preview.redd.it/esmn4pjxfr4e1.png?width=1080&format=pjpg&auto=webp&s=b4390746d3c712a1c183576445bd97532b02e0f1,Reddit,en
"wow saaar so funny saar , how can I learn such exquisite humour like yours?",Reddit,en
"Give the phone to your mom, kid",Reddit,en
why are you having a stroke,Reddit,en
Yo wtf,Reddit,en
"Just because your city is shitty doesnâ€™t mean all are, sorry",Reddit,en
Probably near an airport so naybe,Reddit,en
https://i.redd.it/o095kyrpar6e1.gif,Reddit,en
Memes you can hear...,Reddit,en
"It's similar, but it's a whole different thing, [is this what u have in mind?](https://images.app.goo.gl/RqgwgW7T31kUQBmA7)",Reddit,en
"tf? yes kashmir is a part of India. lol y'all indians can't really absorb some advice to better your country fr. Kashmir and some few parts of India are clean, other parts aren't. This is a slumjeet response ""if you hate our country so much, better go to pakistan"".  I'm saying this for the betterment of the country. Aur tum jaise logon ko chub rahi  According to you what should I say? Golgappe wale paani me haath dho rahe ho toh ""acchi baat hai"". Yahi kahu kya lol?ğŸ˜‚ğŸ¤£",Reddit,en
Fr.,Reddit,en
Im indian myself bro,Reddit,en
My city is one of the cleanest in india,Reddit,en
r/memesyoucanhear,Reddit,en
"Nah it's almost exactly like the image, the thing is towed, has two compartments with standing space for a sorter and a bin in the middle, not exactly like this image where it's just two compartments",Reddit,en
"Nope, but thereâ€™s a better way to what you say. You say â€˜You Indiansâ€™ and â€˜Your countryâ€™ as if you are not an Indian. Of course as a citizen of this country I want the country to be more cleaner and less polluted but the way you say it makes me puke.",Reddit,en
bro elvis yadav is one of the most hated person here,Reddit,en
Looks like you are saying from your experience,Reddit,en
Dude we have clean streets as well man.....,Reddit,en
r/canconfirmiamindian,Reddit,en
Like this: https://ibb.co/LkBzp2r,Reddit,en
"lol so just because I said you indians and your country, you want to puke lmao  sorry if this is gonna offend u or if this will sound racist to you. But I'd be rather called a kashmiri rather than an Indian because of the dirty habits Indians do. Why should I face the ""indian stereotypes"" even tho I've no connection with India. Kashmir is literally at the top of India, we've a different culture and were more cleaner than rest of the idea.  Thanks! I love the tradition, culture and history of my place kashmir, I don't want myself to be included in any shitty or bad activities other indians too and I'm sure 99% kashmir thinks the same fr.",Reddit,en
"Lol the new chappri gen seems to make him their idol tho. Maybe elvish is hated on dis sub and in some other places like Delhi and mumbai but overall in India where there are a lot of chappri kids, they do love him",Reddit,en
I know bro but when was the last time you saw a street with a container bin that wasn't polluted,Reddit,en
"Lol Dude!!!, me expecting a hd image looking at the link...",Reddit,en
"Yea so go somewhere else you're getting most of your fundings from the centre, 20% to be exact and if you're so proud to be a kashmiri and not indian try to fight the army ig",Reddit,en
azadi nhi milegi keep coping and keep getting shot by our forces,Reddit,en
Who the fuck is making him their idol,Reddit,en
Its called Overpopulation in a developing nation. Fertility rate is going down as education is going up. Things will get better. Trust brotha,Reddit,en
"lol go to his Instagram comments and just search ""elvish yadav edits"" . You'll come to know.",Reddit,en
I hope so too brother,Reddit,en
cool then u are part of the same india u keep dissing so nothing changes,Reddit,en
"Well, you can't generalize the whole youth because of his subscribers. Many are even from Pakistan, Bangladesh, Nepal and anyone who understands Hindi. You are only targetting Indian audience",Reddit,en
lol cry more.,Reddit,en
Most are from India,Reddit,en
ur the one who's crying,Reddit,en
Mostâ‰ all. Plus we don't even know how many of them are. Do you?,Reddit,en
10?...,Reddit,en
This is what community college was like,Reddit,en
Roman!! My cousin!,Reddit,en
rip johnny,Reddit,en
Foetus ?,Reddit,en
I work the pipe line this is too accurate,Reddit,en
My marvel rivals teammates in a nutshell,Reddit,en
YESSSS,Reddit,en
That's so true,Reddit,en
Pet sperm,Reddit,en
true,Reddit,en
That's Meeeeeeeeee! ğŸ˜‚ğŸ˜‚ğŸ˜‚ğŸ˜‚ğŸ˜‚,Reddit,en
How come someone can post such personal details about my social life here ğŸ˜…ğŸ˜„âœŒğŸ».,Reddit,en
That 10 year old has to be some intelligent/charismatic type shit to be in a friend group so diverse in age diff,Reddit,en
It's a friends kid,Reddit,en
Hahaha relatable af rt?,Reddit,en
lmaoooooo,Reddit,en
https://preview.redd.it/rhg0dwncewje1.jpeg?width=592&format=pjpg&auto=webp&s=e5e9f0af126dbc0b10a9f67d3a7a8831817861e3,Reddit,en
https://preview.redd.it/r2mqj56zohme1.png?width=736&format=png&auto=webp&s=9d375e170f5927ec964d5d0af1ca4ffe4f09fe5e,Reddit,en
"Not a Donald duck supporter, but..  The size of your dick doesn't define your masculinity. - Mamoru Takamura",Reddit,en
"According to the picture, trump may have the smallest penis, but he'll always be the biggest dick in America. ğŸ¤£",Reddit,en
I see no cock... U made me hungry for a wing now,Reddit,en
Trump is hiding bcz he doesn't have one !,Reddit,en
Unfunny+ Trump SLAMS,Reddit,en
Not even funny. Sorry,Reddit,en
but here it seems submissive fuc*king dominant,Reddit,en
Delusional people of reddit,Reddit,en
"Forget about the sword, it's tinier than a pencil needle",Reddit,en
Most bullshit post of the day ğŸ™„ ğŸ˜’,Reddit,en
Ultimately they are nothing but ğŸº.Packs and Packs of ğŸº.  Putin is a ğŸº.  Trump is a ğŸº.   Zelensky is a ğŸº.,Reddit,en
"Lol, Democrats making their own Happiness. Cry harder",Reddit,en
It was hilarious ğŸ¤£ğŸ¤£ trump made him to beg him,Reddit,en
"idk if heâ€™s proudly displaying it. apparently he tried to get it enlarged and it went horribly wrong, so now heâ€™s artificially impregnating women across the country",Reddit,en
https://preview.redd.it/7vdt8d6xphme1.jpeg?width=3122&format=pjpg&auto=webp&s=140ff9b6af8f8db99a4063d97d1bfdae9611d088,Reddit,en
https://preview.redd.it/nvndroq5qhme1.jpeg?width=2485&format=pjpg&auto=webp&s=3f32e2f58de50973beb6e6e5833b6031b51dd6a3  Body language says a lot you just are blinded by your TDS to he able to read it. Btw Z just said he's ready to sign the deal now lol.,Reddit,en
I think this post is making a mockery of these types of tweets which emerged a while  ago  https://preview.redd.it/qutw8k2wynme1.jpeg?width=454&format=pjpg&auto=webp&s=892e05cc8cb997b69a9d860d72b5167fe727c29b,Reddit,en
Really? Takamura was the one who said it? Doesn't seem like him at all.,Reddit,en
"Man of culture, I seeğŸ™ğŸ¼",Reddit,en
Cyberpunk reference?,Reddit,en
Hajime no ippo mentioned ğŸ˜±ğŸ˜±,Reddit,en
"When sheâ€™ll whisper in ear how she felt fuller and more pleasured with someone else, youâ€™ll know it defines masculinity.",Reddit,en
Yes Mr. Buddha I was waiting for you to come and enlighten me,Reddit,en
You checked it live. Pretty gay of you.. Maga doesn't approve this,Reddit,en
Most bullshit reddit user of all time,Reddit,en
Sir there is a reason why this subreddit name is sarcasm,Reddit,en
Are u following the news bruh? No one gives a sht about the orange doll even more after this fiasco.,Reddit,en
"Dude that shit is NOT funny. Like seriously, people in his country are dying, he goes to ask for help from the only person who possibly could help him, only to be ridiculed in front of the entire world and not being able to do shit about it cuz he needs the help. But yea it's so funny isn't it having to beg for the lives of human beings from orange racist cunts who don't deserve to breathe and are just dead weight on earth.",Reddit,en
Thatâ€™s elon musk,Reddit,en
"This is actually genuinely funny. Like, I'm sure it's satire. Trump just standing there like a toddler.",Reddit,en
Masculinity and satisfying your partner are different things  And dude it's more about chemistry between couples that gives pleasure rather than only dick size.   ğŸ˜‚ğŸ¤§,Reddit,en
"It was all over elon's personal hard drive I hacked, still gives me nightmare at night",Reddit,en
Only people like you who keeps their eyes and ears closed just not to get offended by what's happening outside.,Reddit,en
I'm not american i just found their behaviour funny,Reddit,en
you right i didnâ€™t look close enoughğŸ¤£,Reddit,en
Ooh shit y9u teach kaama sutra on comment maan,Reddit,en
Yeah then buy a good thick dildo for ur wife. Because itâ€™s about chemistry. ğŸ˜‡,Reddit,en
My boy elon likes it live up in his ass. He is an alpha beta Sigma Gamma male... Kkk/s,Reddit,en
"I'm offended by whom? Idiots like Trump, Vance and Musk?   They are going to undo 80 years of west soft power, and as an Indian im not offended. I'm quite enjoying the show.. Give me more!",Reddit,en
True. It was childish and funny,Reddit,en
YeahğŸ˜,Reddit,en
A sword master doesn't need a sword to show its skills  Even a knife would suffice  And yh  Take care of your wife ğŸ¤§ Bcz I can give my wife dildo bcz she won't cheat  Unlike yoursğŸ¤§,Reddit,en
U are taking side of that comedian or joker ğŸ¤¡ğŸ¤£,Reddit,en
So you agree that she does need a dildo lol,Reddit,en
It's ironic that the comedian is fighting a war and your sigma male who made him beg had to dodge a draft.,Reddit,en
"Ahh I think you don't know the difference between ""can"" And ""will""  Well can't expect much from u anyways",Reddit,en
COOK ğŸ³,Reddit,en
You can tell it's fake because Trump survived a single punch.,Reddit,en
type of dream you have when you're sick,Reddit,en
AI ğŸ¤–ğŸ‘©ğŸ»â€ğŸ’»,Reddit,en
What do you mean who did this? It's real,Reddit,en
Bro got crazy reflexes,Reddit,en
Make a miss punch on Elons face,Reddit,en
Which AI tool?,Reddit,en
Haha ğŸ¤£ğŸ¤£ğŸ¤£,Reddit,en
Need more of these ğŸ˜‚,Reddit,en
Woo Hoo..nice bilateral negotiations,Reddit,en
Thatâ€™s how a never ending fight looks like,Reddit,en
This shit is more entertaining than an Olympics boxing match ğŸ¤£ğŸ¤£ğŸ¤£,Reddit,en
My dreams basically,Reddit,en
This is so funny ğŸ˜‚,Reddit,en
https://i.redd.it/mdeeplm53wme1.gif,Reddit,en
"happened for real, but with words",Reddit,en
mortal kombat got a dlc update,Reddit,en
Very funny ğŸ¤£ğŸ¤£ğŸ¤£,Reddit,en
AI is for real ğŸ˜¦,Reddit,en
Soo accurate and stability.,Reddit,en
"Oh man, this is hilarious! ğŸ˜‚",Reddit,en
make them kiss,Reddit,en
Bro squared up and walked tf out,Reddit,en
Actually in reality didn't happen because both are under security forces.,Reddit,en
I was waiting for the kissing part,Reddit,en
"Real, i was there",Reddit,en
Aw this is awesome,Reddit,en
Street Fighter Gen(eration) AI,Reddit,en
Ai shujit,Reddit,en
"What's the fucking point of these videos..  Tell me op, what value do they add.",Reddit,en
u/savevideo,Reddit,en
lmao absolute cinema,Reddit,en
bhai yahi toh chaiye,Reddit,en
New DLC in Mortal Kombat,Reddit,en
wdym this is not real?,Reddit,en
Itâ€™s like taking candy away from a child with Trump.,Reddit,en
AI is a dangerous thing ğŸ˜‚,Reddit,en
Even in AI trump attacks first.,Reddit,en
r/gifsthatendtoosoon   There are so many possibilities in my head on what the SS would do in such scenarios,Reddit,en
All you post on here is stupid political anti Trump shit. Go away.,Reddit,en
bro survived a bullet lmao,Reddit,en
ğŸ’¯,Reddit,en
No shit Sherlock,Reddit,en
wow! what a discovery!! you'll get a noble prize for sure,Reddit,en
LOL,Reddit,en
As a Fathers apprentice i approve the shi outta this,Reddit,en
+1,Reddit,en
Read the title of this community!,Reddit,en
You must be fun at parties,Reddit,en
###[View link](https://rapidsave.com/info?url=/r/sarcasm/comments/1j1ok9g/now_who_did_this/)    ---   [**Info**](https://np.reddit.com/user/SaveVideo/comments/jv323v/info/)&#32;|&#32; [**Feedback**](https://np.reddit.com/message/compose/?to=Kryptonh&subject=Feedback for savevideo)&#32;|&#32;[**Donate**](https://ko-fi.com/getvideo) &#32;|&#32; [**DMCA**](https://np.reddit.com/message/compose/?to=Kryptonh&subject=Content removal request for savevideo&message=https://np.reddit.com//r/sarcasm/comments/1j1ok9g/now_who_did_this/) &#32;|&#32;   [^(reddit video downloader)](https://rapidsave.com) &#32;|&#32; [^(twitter video downloader)](https://twitsave.com),Reddit,en
"Oh wow, what a groundbreaking observation.    Truly, a masterpiece of critical thinking.  1. When one **speaks and acts like crap** the way your president does, what exactly are you expecting? Praise? A standing ovation? A fan club? 2. And before you get too worked up, **read the title of this community again**â€”itâ€™s **SARCASM.** Hope you actually know what that word means. 3. Lastly, **sarcasm**â€”because **beating the nonsense out of people is unfortunately illegal.** But wouldnâ€™t that be something?  Now, take a deep breath and move along.",Reddit,en
Knicked his ear. The risk of infection was greater than the injury.,Reddit,en
"well, with all due respect, its not good sarcasm either.",Reddit,en
how does this video come under sarcasm?,Reddit,en
"Oh, it's quite simple. Sarcasm, by definition, is **using irony, humor, or mockery to make a pointâ€”often in a way thatâ€™s the opposite of whatâ€™s expected**.  Now, take this AI-generated video of **Trump and Zelensky in a fight**â€”obviously, thatâ€™s not real. But it exaggerates their political personas and tensions in a ridiculous, over-the-top way. Thatâ€™s the humor. Thatâ€™s the irony. Thatâ€™s the **sarcasm**.  If you're expecting serious political analysis, you're in the wrong place. The whole point of sarcasm is to highlight absurdityâ€”whether itâ€™s about world leaders, their actions, or just how people react to them.  So yeah, this video fits **perfectly** under sarcasm. Hope that clears it up.",Reddit,en
Lil leukaemia,Reddit,en
Lil Stitches,Reddit,en
Lil Dead Mother,Reddit,en
Lil uti,Reddit,en
Lil colonoscopy,Reddit,en
Lil erectile dysfunction,Reddit,en
Lil jaundice.,Reddit,en
lil accidentally drank floor cleaner,Reddit,en
Lil swollen balls,Reddit,en
Lil testicular cancer,Reddit,en
Lil stuck buttplug,Reddit,en
Lil bone outside,Reddit,en
lil diarrhea,Reddit,en
Lil Lyme,Reddit,en
Lil as doctor,Reddit,en
Lil I was born,Reddit,en
lil asthma,Reddit,en
lil malaria,Reddit,en
lil cold,Reddit,en
Lil tetanus,Reddit,en
Lil fever,Reddit,en
lil balltwist,Reddit,en
Lil sonography,Reddit,en
Lil being born,Reddit,en
"Lil work.  It was, in fact, â€œLotta workâ€",Reddit,en
lil colonoscopy,Reddit,en
Lil Endoscopy,Reddit,en
Lil back payne!!ğŸ˜‚,Reddit,en
Lil dengue,Reddit,en
Lil fever    Yo why this shit kinda eats?!?!ğŸ˜­ğŸ˜­ğŸ˜­ğŸ˜­ğŸ—£ğŸ”ˆ,Reddit,en
Lol Poisoning ğŸ’€,Reddit,en
lil black eye,Reddit,en
Lil infection,Reddit,en
Lil vomit,Reddit,en
Lol skin infection,Reddit,en
Lil ankle sprain,Reddit,en
"Little t-boned, i don't like my name even a lil bitğŸ˜‘",Reddit,en
Lil sugar,Reddit,en
Lil kidney stone,Reddit,en
Lil head banged,Reddit,en
lil ripped chin after falling off a cycle,Reddit,en
"Lil born, seems good to me, lol",Reddit,en
"Lil stones, sounds nice",Reddit,en
Lil skull crack,Reddit,en
Lil Hep A,Reddit,en
Lil PP stuck,Reddit,en
Why shouldn't white people be doing this?( I am not white),Reddit,en
Lil sarcoma lympho of the intestine,Reddit,en
Lil Radiology Test Appointment,Reddit,en
Lil Operation,Reddit,en
Lil fell of my bike,Reddit,en
Lil hepatitis  (Cool name though),Reddit,en
lil sinusitis,Reddit,en
Lil Truck Flip,Reddit,en
lil swollen foot,Reddit,en
lil blood donation,Reddit,en
LiL Therapy,Reddit,en
Lil wife had a seizure,Reddit,en
Lil contractions,Reddit,en
Lil flu,Reddit,en
Lil surgery,Reddit,en
Lil ingrown toenail,Reddit,en
lil knee surgery,Reddit,en
Lil took my wife to the hospital cause she was throwing up,Reddit,en
Lil Hba1c,Reddit,en
"lil ""are you serious...? this is the fifth time you've come cause of stomach ache, take your damn medicines...""",Reddit,en
Lil Braces,Reddit,en
Lil medical certificate,Reddit,en
Lil 'dengue,Reddit,en
Lil enlarged liver,Reddit,en
Lil TB,Reddit,en
Lil gradpa's heart attack,Reddit,en
Lil knee surgery,Reddit,en
lil c-19,Reddit,en
Lil lipoma,Reddit,en
Lil hives,Reddit,en
Lil Neck sprain,Reddit,en
Lil internship,Reddit,en
Lil eye Lil specs,Reddit,en
Lil fissure in ano,Reddit,en
Lil Doctor,Reddit,en
Lil piles(really ğŸ˜‘),Reddit,en
lil faked a stomach ache and charged family with 12k bill,Reddit,en
Lil Stitch Removal,Reddit,en
Lil drunk observation room.,Reddit,en
Lil manic episode,Reddit,en
Lil broken hip,Reddit,en
Lil spinal disc rupture,Reddit,en
Lil human organ trafficking,Reddit,en
Lil wrist surgery,Reddit,en
Lil Knee Sprain,Reddit,en
Lil Asthma,Reddit,en
Lil Pregnancy,Reddit,en
Lil vaccine,Reddit,en
Lil cat bite,Reddit,en
lil uzi,Reddit,en
lil organ trafficking,Reddit,en
Lil vasectomy.,Reddit,en
Lil fight,Reddit,en
"I'm a doc Ig should say  ""Lil work""",Reddit,en
Lil urine infection,Reddit,en
lil head injury,Reddit,en
Lil accident on the track yo,Reddit,en
lil tetanus,Reddit,en
Lil smegma,Reddit,en
LIL DENGUE,Reddit,en
Lil birth,Reddit,en
Lil tooth,Reddit,en
Lil Appendicitis,Reddit,en
Lil heart.,Reddit,en
Lil Knee Surgery,Reddit,en
Lil dead,Reddit,en
Lil Slip disc,Reddit,en
Lil born,Reddit,en
Lil Job. (A doctor by profession).,Reddit,en
lil + hurt my knee,Reddit,en
Lil duty(?),Reddit,en
Lil' Infected Untreated Splinter,Reddit,en
Lil heat stroke,Reddit,en
Lil I slipped in the bathroom ğŸ˜”,Reddit,en
lil ligament tear,Reddit,en
Lil Abortion,Reddit,en
Lil Birtha,Reddit,en
Lil dangue,Reddit,en
Lil tetanus vaccination,Reddit,en
Lil cyst,Reddit,en
lil taking your friend to er,Reddit,en
Lil fever ğŸ˜,Reddit,en
Lil hemorrhoid,Reddit,en
Lil rat fever,Reddit,en
Lil depression,Reddit,en
Lil Blood Donation,Reddit,en
Lil coughing,Reddit,en
Lil friend got into an accident and is in coma rn,Reddit,en
Lil anxiety attack,Reddit,en
Lil vertebrae dislocation (this is hilarious ğŸ˜­),Reddit,en
Lil adrenal haemorrhage,Reddit,en
Lil bacterial fever,Reddit,en
lil fever,Reddit,en
Lil Sharingan(Red Eyes),Reddit,en
Lil vaccination,Reddit,en
Lil Neighbor asked for a lift,Reddit,en
Lil rabies,Reddit,en
Lil 'Tism   Not bad   And if we take it last time I was to the doctors and not hospital   Lil 'Rthritis,Reddit,en
Does it need to be you who was admitted in the hospital? Cuz if it ainâ€™t I got 2  Lil dead grandpa  Lil visiting friend,Reddit,en
Lil appendicitis,Reddit,en
lil jaundice,Reddit,en
Lil cancer ğŸ’€,Reddit,en
Lil Respiratory Infection,Reddit,en
Lil appendix surgery,Reddit,en
lil my dog stepped on a bee,Reddit,en
Lil Dad's Cancer Medication,Reddit,en
Lil gall bladder,Reddit,en
Lil throat infection,Reddit,en
Lil fever ğŸ¥µ,Reddit,en
Lil OPD ğŸ˜‚,Reddit,en
Lil ligma,Reddit,en
Lil low blood pressureğŸ˜­ğŸ˜¢,Reddit,en
Lil backpain,Reddit,en
Lil asthma,Reddit,en
lil thyroid,Reddit,en
Lil Root Canal,Reddit,en
Lil Blood Donation ğŸ’¯,Reddit,en
Lil Ingrown Nail,Reddit,en
Lil fucked up knee,Reddit,en
Lil slip disc,Reddit,en
Lil visiting my cousin,Reddit,en
Lil rabies shots.,Reddit,en
Lil high fever,Reddit,en
Lil Premature Ejaculation,Reddit,en
Lil Dengue ğŸ¦Ÿ,Reddit,en
Lil Bone TB,Reddit,en
lil Corona vaccine,Reddit,en
Lil hairloss ğŸ˜­ğŸ˜­ğŸ˜­,Reddit,en
lil conjunctivitis,Reddit,en
Lil cancerous grandma,Reddit,en
Lil(one) abortion,Reddit,en
Lil fracture,Reddit,en
Lil carpal tunnel.,Reddit,en
Lil regular check-up,Reddit,en
Lil hypertension,Reddit,en
Lil IV drip ğŸ˜,Reddit,en
Lil Hemorrhoids,Reddit,en
Lil cold,Reddit,en
Lil vaccination!!,Reddit,en
Lil Shooting?,Reddit,en
Lil Peri-Anal Abscess.,Reddit,en
Lil HIV,Reddit,en
Lil hyper-tension,Reddit,en
Lil torn ligaments.,Reddit,en
Lil jaundice,Reddit,en
Lil circumcised,Reddit,en
"Lil seizure, that sounds like a dope name!",Reddit,en
Lil Gastritis.,Reddit,en
Lil fibroid,Reddit,en
Lil accident,Reddit,en
Lil arrested for DUI,Reddit,en
Lil toilet skull rupture,Reddit,en
Lil eyesight,Reddit,en
lil accident,Reddit,en
Lil upper abdomen ache,Reddit,en
Lil coma,Reddit,en
Lil jyada muthi,Reddit,en
Lil ligament injury,Reddit,en
lil cervical spondylosis,Reddit,en
lil swollen balls.  My career would become a meme before it starts.,Reddit,en
Lil I work there,Reddit,en
Lil dadi,Reddit,en
Lil gallstones,Reddit,en
lil blood test,Reddit,en
"Lil pneumonia ( 19 yrs ago , i am 20)",Reddit,en
Lil cumshot,Reddit,en
Lil diarrhoea,Reddit,en
Lil pnemonea,Reddit,en
Lil Pain,Reddit,en
lil cavity,Reddit,en
Lil circumcision ğŸ™ƒ,Reddit,en
Lil Preemie ğŸ™ŒğŸ¼ğŸ™ŒğŸ¼,Reddit,en
Lil ORIF Surgery,Reddit,en
Lil passing liquid motions,Reddit,en
lil suicide attempt,Reddit,en
Lil Tuberculosis,Reddit,en
Lil Eye Damage,Reddit,en
Lil Typhoid,Reddit,en
Lil boil in my anus ğŸ¤£ğŸ¤£ğŸ¤£ğŸ¤£,Reddit,en
Mine would be Lil wisdom tooth,Reddit,en
Lil big abscess,Reddit,en
Lil eating disorder (2 years clean now),Reddit,en
Lil Gonorrhea,Reddit,en
Lil blood donor,Reddit,en
Lil dead friend's grandma,Reddit,en
Lil depression  Lil suicidal tendencies,Reddit,en
Lil Gunya,Reddit,en
Lil Insomnia,Reddit,en
Lil psychosis (bipolar),Reddit,en
Lil went to buy grandpa's medicine,Reddit,en
Lil my friend almost sliced his finger through with a knife,Reddit,en
lil typhoid,Reddit,en
Lil double hernia.,Reddit,en
Lil Gastritis,Reddit,en
lil pneumonia,Reddit,en
Lil gastro,Reddit,en
Lil COVID+ stone + depression+ tension+low blood pressure,Reddit,en
Lila death,Reddit,en
Lil unbearable pain during periodsğŸ¥¹,Reddit,en
Lil high...,Reddit,en
Lil Dengue !!,Reddit,en
Mine is lil puke,Reddit,en
Lil lymphosarcoma of the intestine.,Reddit,en
lil food poisoning,Reddit,en
Lil std,Reddit,en
Lil swallowed shampoo,Reddit,en
Lil allergy,Reddit,en
*le the guy joined with AIDS ğŸ’€,Reddit,en
Lil norovirus,Reddit,en
Lil overdose,Reddit,en
lil bad cramps,Reddit,en
Lil Friends Accident,Reddit,en
Little work,Reddit,en
Lil work,Reddit,en
Lil tentuns shot,Reddit,en
lil car accident,Reddit,en
Lil SinusğŸ´â€â˜ ï¸,Reddit,en
Lil Baby,Reddit,en
Lil metatarsal fracture,Reddit,en
Lil Uncle has gastric ulcer,Reddit,en
Lil dick cut,Reddit,en
Lil hiv,Reddit,en
Lil Dead Person?,Reddit,en
Lil Wife,Reddit,en
Lil T12 L1 fracture,Reddit,en
Lil' Circumscision,Reddit,en
Lil vomitz,Reddit,en
Lil eczema,Reddit,en
Lil vaccine!,Reddit,en
Lil child birth,Reddit,en
Lil fake medical certificate ğŸ”¥,Reddit,en
Lil stage 3 diabetes,Reddit,en
Lil ulcer,Reddit,en
Lil bike accidentğŸ˜‚,Reddit,en
Lil Sinusitis!,Reddit,en
Lil Dengue,Reddit,en
lil my grandma died,Reddit,en
Lil gas induced palpitations ğŸ˜‚,Reddit,en
Lol stones,Reddit,en
Lil testicular torsion ğŸ¥´,Reddit,en
Lil Birth. Not kidding guys. 18 years and never been to hospital for my care ğŸ’€,Reddit,en
Lil pneumonoultramicroscopicsilicovolcanoconiosis  It's a true thing,Reddit,en
Lil indian food,Reddit,en
Lil suicide,Reddit,en
Lil Injection in Butt,Reddit,en
Lil tooth ache,Reddit,en
Lil pneumothorax,Reddit,en
Lil cock burn,Reddit,en
LIL C@NCER,Reddit,en
Lil kidney+liver+lung failure with no insurance (that's my father). I'm just a lil bankrupt.,Reddit,en
"Lil ache, lil cold, lil weakness",Reddit,en
LIL TORN LCL.,Reddit,en
Lil cough,Reddit,en
Lil septic shock.,Reddit,en
Lil Angina,Reddit,en
Lil Coma after accident,Reddit,en
Lil dog bite,Reddit,en
Lil sister gave birth,Reddit,en
Lil blood clots.,Reddit,en
Lil coming into existence,Reddit,en
"Lil Shortness o Breath    ('shortness' pronounced /ËˆÊƒaÊŠtnÉ™s/ -- you know, to make it cool!)",Reddit,en
"Lil Reno  Reno is pronounced as in ""renovation;"" I'm a construction worker",Reddit,en
Lil Mom's Checkup,Reddit,en
Lil pregnant,Reddit,en
Lil earpain?,Reddit,en
Lil back injury,Reddit,en
Lil h pylori,Reddit,en
Lil Teeth,Reddit,en
Iâ€™ve never been in the hospital.. so Lilâ€™,Reddit,en
Lil Accident or Lil Crash or Lil stitches,Reddit,en
Lil anxiety coughs,Reddit,en
Lil blood test,Reddit,en
Lil Suicidal Thoughts,Reddit,en
Lil constipation,Reddit,en
Lil brain surgery,Reddit,en
Lil testicular torsion,Reddit,en
Lil fracture âœŒï¸,Reddit,en
Lil Pneumonia,Reddit,en
Lil cuff,Reddit,en
Lil broken rib,Reddit,en
Lil Open Heart Surgery,Reddit,en
Lil health checkup,Reddit,en
Lil delayed periods,Reddit,en
Lil fever.,Reddit,en
Lil dying grandma,Reddit,en
Lil TMJ,Reddit,en
Lil shot in school,Reddit,en
Lil Jaundice,Reddit,en
Lil fever nun much else,Reddit,en
Lil my father was admitted,Reddit,en
Lil friends father death,Reddit,en
lil myopia,Reddit,en
Lil tities (dermatities ï½¡â â—•â â€¿â â—•â ï½¡),Reddit,en
lil toe fracture,Reddit,en
Lil skin rash,Reddit,en
Lil baby boy ğŸ˜…,Reddit,en
Lil drank sanitizer,Reddit,en
Lil Snake,Reddit,en
lil fracture,Reddit,en
lil cyst in the wristğŸ˜­,Reddit,en
Lil psychotic breakdown,Reddit,en
Lil Hypersensitivity pneumonitis,Reddit,en
Lil Gas,Reddit,en
Lil brain dead,Reddit,en
Lil concussion. Goes kinda hard,Reddit,en
Lil Panic Attack  Lil Anxiety  Lil Cough  Lil Broken Finger  Lil Acne,Reddit,en
Lol phimosis,Reddit,en
Lil Typhoid/Dengue,Reddit,en
Lil typhoid,Reddit,en
lil dengue,Reddit,en
Lil sinusitis,Reddit,en
Lil acidity,Reddit,en
Lil fibroids,Reddit,en
Lil dehydration,Reddit,en
lil death,Reddit,en
Lil gynocomastia,Reddit,en
Lil dysentery,Reddit,en
Lil Psychosis,Reddit,en
Lil grandpa got brain attack ( thatâ€™s actually cool),Reddit,en
Lil anaemia,Reddit,en
Lil abortion,Reddit,en
Lil pneumonia,Reddit,en
Lil Fever.,Reddit,en
Lil ill,Reddit,en
Lil dead boyfriend,Reddit,en
lil broken braces,Reddit,en
lil h-pylori,Reddit,en
Lil formalities  ( Iâ€™m a doctor and I resigned from my last job),Reddit,en
Iil cosmelan peel,Reddit,en
Last I was in hospital was 20 or so years ago when I was a toddler from horrible diarrhea.,Reddit,en
lil brother sick,Reddit,en
Lil root canal,Reddit,en
BRUH,Reddit,en
I hope you are getting better,Reddit,en
Get well soon bro! ğŸ¥‚,Reddit,en
Don't die on me Brodie,Reddit,en
"Wow, shit went from 0 to 100 real fucking quick.",Reddit,en
https://preview.redd.it/hhgnkyh3ru5e1.jpeg?width=750&format=pjpg&auto=webp&s=528e1e67261cf2a359fab38f3c025e78b65793b7,Reddit,en
https://preview.redd.it/etbbh9q5k56e1.png?width=1080&format=pjpg&auto=webp&s=9080523dbd5f35c585fee23d88e08e0a56464e1a,Reddit,en
Cousin on lil uzi,Reddit,en
You sir have my attention and concern,Reddit,en
Lil dick,Reddit,en
ouch,Reddit,en
"You my homie dawg yo, I'm Lil Hepatitis A",Reddit,en
how does that happen accidentally?,Reddit,en
Ainâ€™t nothing lil about that.,Reddit,en
Tatto ka cancer ğŸ˜­,Reddit,en
"I donno who is lil here the rapper, the testicle or the cancer",Reddit,en
yoooo,Reddit,en
I am all ears,Reddit,en
I can feel the pain through the screen,Reddit,en
"YES! Came here for this. Well, not the diarhea but just the name.",Reddit,en
SAME!!,Reddit,en
Bro's not gotten his shots ğŸ˜­ğŸ˜­ğŸ˜­,Reddit,en
Bhai JEENEETards se idhar kese,Reddit,en
Goated pfp,Reddit,en
me too lmao,Reddit,en
Damn bruh jeeneetards k log idhar bhi lurk karte,Reddit,en
Lil us,Reddit,en
mil gaya indianğŸ˜­,Reddit,en
https://preview.redd.it/zlswd84iso5e1.png?width=1080&format=pjpg&auto=webp&s=3edf2fc68d0518ee315ae984c83ea2b366a408b1,Reddit,en
https://preview.redd.it/ib4ymmcnm76e1.png?width=498&format=png&auto=webp&s=43a0f3555d7bc542e69fdd8aa8e06812d259bb8b,Reddit,en
That's sad. Hope u feel better soon.,Reddit,en
Probably gonna die,Reddit,en
What (not dead yet),Reddit,en
Thankx bro   ğŸ’€âœŒ,Reddit,en
I would try not to ğŸ˜ƒğŸ¤§,Reddit,en
I feel bad that my sense of humor finds this funny,Reddit,en
Lil Dicky,Reddit,en
I'm Lil Hep B,Reddit,en
thought it was water,Reddit,en
Ricky Gervais screaming inside my brain right now saying - we have DO NOT DRINK in big bold letters,Reddit,en
from the screen to the ring to the pen to the king (i apologize),Reddit,en
"I got my shots at a clinic or pharmacy. The hospital got bigger things to worry about than you getting your jabs, bruh.",Reddit,en
namaskarr ğŸ™,Reddit,en
It smelled like fruit,Reddit,en
"Not going to say lil hep c, lil jaundice gang here",Reddit,en
Understandable,Reddit,en
we almost gave you the darwin award.,Reddit,en
that's my blind always drama when i ring,Reddit,en
Bro Don't bring that sh't here I already got brainrot,Reddit,en
HAHAHAHAHA BROOOO,Reddit,en
Damn log aapko pechan rhe hain Kafi famous ho gaye aap toh reddit pe,Reddit,en
That was a lie,Reddit,en
"insert understandable, have a good day meme",Reddit,en
Lol ğŸ¤£ğŸ¤£ what do u mean by understand,Reddit,en
I don't have it so I will ill draw it  ğŸ˜ ğŸ‘•.   âœŒï¸ ------   \   \,Reddit,en
I just decided to play along. I donâ€™t actually understand,Reddit,en
"I do , they thought the cleaner was water and drank it . Took me 10 minutes to get it , harder than thermodynamics but did it",Reddit,en
His dad is a bloody animal!,Reddit,en
â¤ï¸,Reddit,en
what ur mom did that night!!,Reddit,en
SMOL,Reddit,en
Stolen post...,Reddit,en
He has some experience,Reddit,en
Why is she crying though?? ğŸ˜­ It cute,Reddit,en
YesğŸ˜…,Reddit,en
ğŸ˜,Reddit,en
me: Ä± want to download this file  IOS: no  me: why  IOS: it has virus  me: no its safe do not wory  IOS: no,Reddit,en
"Just go to the ""My Files"" app, and click on ""downloads"". Should be right there.",Reddit,en
"Replace Android with ""RANDOM GODDAMN MOBILE OS"". So many times I've come *this* close to throwing my ipad into the wall.",Reddit,en
this is so true when ever i download something i have to search for it,Reddit,en
.....it's in your downloads,Reddit,en
... perhaps the download folder?,Reddit,en
*weeps for Blackberry to return and everything be right in the world.*,Reddit,en
In the downloads file. You're welcome.,Reddit,en
"""OK. So here's what you're going to want to do. Listen closely...""",Reddit,en
Why is this so true ğŸ˜‚,Reddit,en
"Me: it's my fucking phone, I'll give it a virus if I want!  IOS: *Your* phone? BWAAAAHAAAHHAA!",Reddit,en
"That really is the trick. I just saved ""My Files"" app onto my home screen for easy access. It also breaks down categories pretty easily:   Images, Videos, Audio, Documents, Downloads, Recent..",Reddit,en
ğŸ¤¯ğŸ¤¯,Reddit,en
Me: download this file  IOS: no  Me: but I'm the admin  IOS: lol,Reddit,en
Just go to yout files,Reddit,en
You're welcome hahaha,Reddit,en
You think I don't do that?,Reddit,en
Haha yeah thank you! I always looked in downloads but not my files ğŸ˜…,Reddit,en
Then you are just blind if you can't find it it's literally under recent or downloaded wow simpleton,Reddit,en
Starting on campus lectures tomorrow onwards.  Really freaking out since last week,Reddit,en
There's gonna be a new variant in a few weeks. Nobody's learned their lesson ğŸ™„,Reddit,en
God i wish . This pandemic has made me want to talk to people,Reddit,en
Honestly facts. This has been peaceful for me,Reddit,en
"Worked in retail up until 2 months ago, now I work from homeâ€¦.. donâ€™t miss it out there-itâ€™s too people-ly",Reddit,en
Not to be dramatic but I see myself in this meme and I donâ€™t like it r/meirl,Reddit,en
"I don't know if it's shyness or social anxiety, but yes; this represents me enough",Reddit,en
Well good for me i become a extrovert when school starts,Reddit,en
"Whenever i hear someone that goes to my current school say they want to continue online: ""Hmm did they forget the best thing about this school is the lab facilities........""",Reddit,en
Oh really? What are they,Reddit,en
Well idk how it help me in the first place beside the only two months when I was at home the whole time,Reddit,en
I can feel that.,Reddit,en
"I feel bad for you in areas like that. Where I live we only had about 4 wks of a ""lockdown"". And that was when it all started. Life pretty much went back to normal shortly after",Reddit,en
Nope. no no no no. Noo.. .. . .  .,Reddit,en
"It's only going to be ""over"" because of the economy. Michael Jackson said it best, They don't give a fuck about us! Let's spread This super virus to make more money for the oil barons!",Reddit,en
Well in denmark were all over it already and its not good to talk to people again,Reddit,en
GGIINNAAAAAA!!!,Reddit,en
I'm sorry what? It seems never ending. That would be freakin awesome if it finally ended.,Reddit,en
Meanwhile me at home with covid: ğŸ¤•ğŸ˜´ğŸ™„,Reddit,en
You arenâ€™t alone! All introverts got you. Lol,Reddit,en
"... it started here already, exam session physically too, I am about to hang myself or jump in the nearby lake, not because it's hard, but because fuck this society.",Reddit,en
So true!,Reddit,en
Do you need help??,Reddit,en
It's the first time I haven't been called weird for preferring to be alone.,Reddit,en
Lol good for you!,Reddit,en
Wich me luck,Reddit,en
Same situation here too,Reddit,en
My husband is an extrovert and seems to think it is weird I like being alone so much.  It is really hard to try and explain to him that being alone is not depressing to me and people exhaust me!  This stupid world was made for extroverts!,Reddit,en
Itâ€™s the first time I havenâ€™t felt weird for being alone,Reddit,en
"You still get called weird; a ""pussy"" for being scared of a virus.",Reddit,en
He's the one,Reddit,en
ğŸ˜‚ğŸ˜‚ cute,Reddit,en
Did it work lol,Reddit,en
"the perfect example of ""if he wanted to, he would.""",Reddit,en
Damm dude is creative ğŸ¤£,Reddit,en
And they say you can't buy happiness with money /s,Reddit,en
He is watching his read notification like a hawk,Reddit,en
ğŸ™‚,Reddit,en
ğŸ™‚ this is just emoji but it tells so many things... Ikykwk,Reddit,en
Haha true,Reddit,en
Mr Anderson,Reddit,en
This doesn't work everytime. Either it works or you'd be labeled as a creep,Reddit,en
Unfunny button,Reddit,en
This is more of a try to laugh challenge,Reddit,en
It's old . I laughed when i first saw it 3 years ago but not today.,Reddit,en
Broo not lying I laughed and just then noticed 'If you laugh your going hell',Reddit,en
https://preview.redd.it/4gal8e3ma1pe1.jpeg?width=4284&format=pjpg&auto=webp&s=26d2149871290806216a005b62f2b4cf4ed4bd4e,Reddit,en
Real,Reddit,en
I laughed before reading the title and caption ğŸ˜‚,Reddit,en
Comedy cemetery,Reddit,en
https://preview.redd.it/da4h2xwrf2pe1.png?width=320&format=png&auto=webp&s=fae2d8e4d83ed9dddc7f79edcc9b5f7dcce87eea,Reddit,en
https://preview.redd.it/qdkrb7p1b4pe1.jpeg?width=1074&format=pjpg&auto=webp&s=fb9f50ddd0935a83ab1db31f7ee498d8c34ff7f0,Reddit,en
Jet set gooooooooooooo ğŸ¤£ğŸ¤£,Reddit,en
"Sorry, I laughed and then I realised watching carefully",Reddit,en
"Excuse me, the flash in live action is already well ""disabled"" by the writers. Supposed to ""defeat"" almost anyone just because everyone is so still to him. But we know the story",Reddit,en
We can just downvote,Reddit,en
+the title makes it even more unfunny,Reddit,en
Same,Reddit,en
Nice car,Reddit,en
Exactly how I always feel.,Reddit,en
"When someone tells my parents that their 7 kids are angels, Like what??",Reddit,en
Some kids are fallen angels.,Reddit,en
Or dogs,Reddit,en
I used this alot when my son was in elementary school.,Reddit,en
"Yeah, a biblically correct one",Reddit,en
"Lol, using the cinematographer shooter in a meme.",Reddit,en
When parents start to use biblical references to talk about their children you know that there is some illusion of grandeur somewhere.,Reddit,en
Exactly,Reddit,en
Wellâ€¦,Reddit,en
Probably because you donâ€™t know your dads relatives ğŸ¤£,Reddit,en
"Considering my dadâ€™s mom told my mother we werenâ€™t her grandkids because we werenâ€™t maternal, Iâ€™ll agree with Letoâ€™s statement",Reddit,en
Trueeeeeee,Reddit,en
"In my case my dads side had better PR, so I realised later that they are just as bad if not worse.",Reddit,en
"My mom' side relatives are not that connected with us. I mean my uncles are. But overall, everybody is snake.",Reddit,en
after my dad died his side of the family exiled us.,Reddit,en
One hundred percent.,Reddit,en
So true.,Reddit,en
VERY TRUE!,Reddit,en
Valar dohaeris,Reddit,en
PR stands for ?,Reddit,en
"Varies from person to person ,its clearly 50 50",Reddit,en
"ğŸ’¯ true, most of my relatives always want to know how much I am earning and to show that they have nothing. In reality most of them have more than I can earn in my lifetime.",Reddit,en
What does being maternal mean? Not being rude I genuinely don't know,Reddit,en
PR is I think public relations. It is basically a marketing team responsible for maintaining the image of an organization/country/celebrity.,Reddit,en
I was wondering the same,Reddit,en
Public Relations. They handle a celebrity's relationship with the public.,Reddit,en
I think maternal means from mom's side,Reddit,en
Thanks,Reddit,en
Its also an old car that works better than modern cars and can go twice as fast,Reddit,en
You can't fast travel while in combat,Reddit,en
Hahah TRUE ğŸ˜‚,Reddit,en
Where is Geico insurance when you need them your policy number has expired,Reddit,en
That just so happens to be unlocked so they could steal it when they need to,Reddit,en
"Wrong, cause that's why batman only show up at night",Reddit,en
Iâ€™ve always wondered why he doesnâ€™t have black makeup on his face.   Taking black makeup off is difficult.   Does he have a special bat-makeup remover?,Reddit,en
And that's why Batman only fights crime during night.,Reddit,en
Now that is some funny as fk shit my friend..,Reddit,en
"""I hate the sun""  â€“Â Batman, probably.",Reddit,en
The Riddler answer is â€œBruce Wayne can afford a tanning bed.â€,Reddit,en
Bruce Wayne/ Batman's favorite song? I Love the Night by Blue Ã–yster Cult.,Reddit,en
Fuck my manâ€™s gettin night tan,Reddit,en
Thatâ€™s Jason Bateman,Reddit,en
thatâ€™s why heâ€™s a creature of the night,Reddit,en
Sun at night?,Reddit,en
moon burns,Reddit,en
THAT'S  EXACTLY  WHAT   I   THOUGHT.  WHOEVER  THOUGHT   OF THIS  DUMB FUCK MEME  FORGOT   THE BASIC   MOST BASIC  LIKE  THE FUCK  PREMISE OF BATMAN  RICH MAN  DRESSED AS  A  MOTHERFKCING  # BAT  COMES OUT AT   MOTHERFUCKING  # NIGHT  TO FIGHT CRIME,Reddit,en
Frick me too,Reddit,en
He just spends hours washing his face every night. Thatâ€™s why some adaptions make him perpetually late to Bruce Wayne events,Reddit,en
"Dude has all sorts of weird tech and a shark repellent.   Bat-makeup remover shouldn't be that difficult to make. If he can get R&D to make Bat-weapons, he can get the Beauty Products Department to make an ultra-powerful makeup remover.",Reddit,en
True,Reddit,en
Itâ€™s not that deep bro,Reddit,en
i love you,Reddit,en
"I already have ultra-powerful makeup remover. Sure, the industrial strength acid stings a LITTLE bit, but that fades away pretty quickly",Reddit,en
but I'm...I'm not paul dano-,Reddit,en
Here's your sign.,Reddit,en
If you read this joke and immediately knew who said itâ€¦ you might be a redneck.   Read in southern accent for full effect.,Reddit,en
God forgive meâ€¦.     *TWO TRUCKS HAVING SEX*,Reddit,en
"Ugh- ok- there was a movie where, during a business meeting, a guy tells a story about a truck getting stuck under a bridge and how no one could figure out how to get him un-stuckâ€¦. What was that movie ??? He says something like â€œwell Ms. (characterâ€™s name) by letting some of the air out of our tiresâ€¦â€ â€¦ok thatâ€™s going to drive me nuts till I figure it out. This post reminded me of that line.. I can even see the actor in my headâ€¦ what was that movie??",Reddit,en
A Schneider National truck smh,Reddit,en
ğŸ¤£ğŸ˜‚ğŸ¤£ğŸ˜‚ğŸ¤£ğŸ˜‚ğŸ¤£ğŸ˜‚ğŸ¤£,Reddit,en
When its really her first time,Reddit,en
Quick fix....let the air out of the tires.  Tow the truck out afterwards,Reddit,en
*trying not to laugh*,Reddit,en
Ok Mr Engvall,Reddit,en
This reminds me of taking a shit,Reddit,en
Took that as a sign to stop scrolling and get up :),Reddit,en
r/tipofmytongue,Reddit,en
LMAO ğŸ˜‚ğŸ˜‚ğŸ˜‚.,Reddit,en
"Lol thanks! I figured it out a few minutes ago, finally! Itâ€™s from Working Girl with Melanie Griffith and Harrison Ford.",Reddit,en
Debaaaaaaaating showing this to my wife.  Edit: watched it with the wife and we laughed our asses off.  â€˜Twas good.  Very funny video.,Reddit,en
Yes honey I canâ€™t wait to clean your pee splatter off the toilet again. Also your sonsâ€¦ also so excited to hear about your hard day at work when I also had a hard day at workâ€¦but Iâ€™m cooking dinner and cleaning up your dishes from this morning. Alsoâ€¦I love that you just leave your dirty clothes on the bedroom floor..so I know to wash them..even though I worked as much as you this week. Oh..you want a blow job? Of course..cause you worked this week and hahahahhahhaha imagine you giving me head and then just wiping your mouth and going to sleep while you listen to me happy snore.,Reddit,en
lol very fitting for this sub,Reddit,en
Wife to her friends: my husband is soo perfect i really cant stand him anymore i think i should break up,Reddit,en
"We need a wifeâ€™s version about horrible farts, destroyed bathrooms, whiskers all over the sink, how men nag and tell women how to do things when they shouldnâ€™t be saying shit too, demanding a timely dinner when weâ€™ve also worked a 9-5 shift etcâ€¦ and Iâ€™m sure the $9 coffee is nothing compared to your â€œhidden snacksâ€â€¦.TRIGGERED. This was hilarious though lol",Reddit,en
I'm offended by the level of accuracy...,Reddit,en
"Just shared with wife, will update on how it went.",Reddit,en
"Iâ€™m dying! ğŸ˜‚ğŸ˜‚ğŸ˜‚ Seriously LOL on the â€œcrying during backrubâ€! I do it all the time! LOL... Totally sending this to my husband, he will get a kick out of it!",Reddit,en
At least you get to pick your own outfitâ€¦..,Reddit,en
I find it hard to believe that this guy actually has a wife.,Reddit,en
"ahh, this why i want to be single. not like i have a choice, im never gonna be able to ask a girl out ever",Reddit,en
Can we make sure this mans alive after speaking all this truth.,Reddit,en
I find Some of this shit is VERY accurate but then again even having this thought is probably why Iâ€™m single.,Reddit,en
And you wonder why people don't like to say bros before hoes,Reddit,en
I feel personally attacked as a wife oh damnnnn,Reddit,en
R/savebot,Reddit,en
Go send that man a suicide kit,Reddit,en
"Ugh, this gives off boomer â€œwife badâ€ energy, nasty",Reddit,en
Jesus. What's in a Chai Latte ? Cocaine ?,Reddit,en
"Ummâ€¦ of you can relate to this then you probably need to communicate with your wife about your feelings. Or you guys just arenâ€™t meant to be. Either way, no one should feel like this in a relationship.",Reddit,en
Yeah might want to hold off on this for me chief! Lol,Reddit,en
"Fucking this. Itâ€™s all I could think about when watching this. Like, some of this stuff is housework that benefits you both, so stop being a twat about it!",Reddit,en
I suspect that when my husband sees a clean sink the lizard part of his brain begins screaming and he if FORCED by instinct to trim his beard IMMEDIATELY. Then half ass clean it up. All of these deep internal happenings obviously cause a strange spot of amnesia to form and cause him to not understand why Iâ€™m angry.,Reddit,en
r/foundthemobileuser,Reddit,en
"Lol we donâ€™t, donâ€™t worry.  This video is more likely to spark a conversation about how well she and I work together, communicate, and respect each others hobbies and interests.  The only reason Iâ€™m debating it is because I told her Iâ€™m trying to cut the time I spend on Reddit down lol.",Reddit,en
"Thatâ€™s a fucking stretch, Jesus. Interesting how whenever you go on some type of relationship subreddit no matter how petty or fixable an issue is thereâ€™s always thirty people screaming divorce this or red-flag your being abused that just for not taking your wife out for dinner one night",Reddit,en
its not that deep fr,Reddit,en
"Shhhh, thatâ€™s the plan. Everyone leaves their S/O and begins dating Reddit. Reddit doesnâ€™t want to be lonely anymore.",Reddit,en
You should have asked him if he was an Eagles fan.,Reddit,en
i want one but for short people,Reddit,en
"Thatâ€™s a guy whoâ€™s dealt with the same old shit every day, right there.",Reddit,en
u/repostsleuthbot,Reddit,en
"Best of all, he's an EAGLES fan!!!",Reddit,en
Spit on their head and tell them it's raining!,Reddit,en
Need a piece of paper to stand on?,Reddit,en
And women who go with tall people because they think they are well-endowed or more protective.  On tinder this is distressing,Reddit,en
Kinda rude.,Reddit,en
"Of course he's a fan of Eagles, and not, dunno, lions, bears or any other animal that walks down low",Reddit,en
"I definitely saw this for the first time, like, 5 years ago",Reddit,en
eagles ceiling fan. okay that made little to no sense,Reddit,en
Yes Iâ€™ve always been short and fat..  Yes it hurts my neck looking up..  Yes I play video games ..,Reddit,en
"Other than fitting in some places easier and not being able to ride all the rides at cedar point, what else do people ask short people about?",Reddit,en
You may confuse people b/c 6â€™10â€ is not short.,Reddit,en
I'll go make a ceiling fan company names eagles just for your comment to make sense,Reddit,en
I got it!,Reddit,en
Yes this is my girlfriend..  Yes I am punching above my weight..  Yes I know she's your sister..,Reddit,en
Gandalf?,Reddit,en
"u/rob6110 with the assist, u/Stinkydew with the save, thanks guys",Reddit,en
Is this the farthest from home youâ€™ve ever been?,Reddit,en
"Just one more step. On a side note there is a compilation on youtube of him saying that after every single step in the movie, it starts off funny and then it becomes a descent into madness",Reddit,en
Oooh that sounds awesome. I enjoy those kinds of videos. That reminds me of this video I saw where someone edited *we are never ever getting back together* by taylor swift to just repeat â€œeverâ€ over and over for several minutes . The guy who made it makes a lot of songs like that where something is wrong with the song. I think the username is pluffnub.,Reddit,en
Ikr sailboats are sooo old school,Reddit,en
"I can see all of the replies without Reddit cropping the image, OP.",Reddit,en
Tooo meeeeeeee~ ğŸ¶,Reddit,en
"By ""hit me where the wind blows,"" are you asking us to kick you in the butthole?",Reddit,en
Mammaaaa,Reddit,en
"Thanks to whomever circled the punchline, i thought i was going to have to use my brains",Reddit,en
"It's not ""anywhere the wind blows""?",Reddit,en
The engineering and energy production are likely extremely different.,Reddit,en
Do they have a power reservoir on days the wind is light or not blowing? We need more info. Guess I'll Google it.,Reddit,en
Been there done that,Reddit,en
Looks like it would capsize any moment.  Wonder how deep the hull is?,Reddit,en
Why didnâ€™t anyone think of this sooner?,Reddit,en
those who feel obligated to always point out the joke trying to show everyone that they get it are dorks,Reddit,en
A love tap?,Reddit,en
This comment wins the day,Reddit,en
Owowo,Reddit,en
Good luck with that,Reddit,en
Some bohemian,Reddit,en
Quit taking the wind out of my sails,Reddit,en
"It's ""Any way the wind blows...""",Reddit,en
That's a kind way of putting it.,Reddit,en
I didn't circle it and I do agree,Reddit,en
"I'm something of an expert on this subject, and I agree with this comment.",Reddit,en
Yeah thats it,Reddit,en
"I was referring to who I replied to, whoâ€™s comment was pointing out the joke",Reddit,en
Doesn't really matter!!,Reddit,en
Oh is that what you were doing? I had noooo idea (sarcasm),Reddit,en
Now that's funny.,Reddit,en
"""immigrants do the job americans wont""   ok so saying immigrants are meant for doing dirty jobs... right very progressive.",Reddit,en
Not funny!,Reddit,en
Weak.  Just sophomoric and full of hatred.   Letâ€™s hear her discuss Islam and womenâ€™s rights   Clown â€¦,Reddit,en
LEGAL immigrants are welcome! ILLEGAL arenâ€™t. There is a distinction some people donâ€™t seem to get,Reddit,en
Yea like wiping my ass,Reddit,en
"Americans simply refuse to do certain jobs because they don't pay well, let alone enough to even live on. Harvesting or sorting fruits/vegetables by hand doesn't pay for a house or even rent.",Reddit,en
"Well, sheâ€™s not wrong ğŸ¤£",Reddit,en
Ok Muslim chill before you get hit by a drone,Reddit,en
â€œCouldnâ€™t doâ€* FTFY,Reddit,en
"For his net worth, I'd marry him too.",Reddit,en
"hilarious ğŸ˜‚, yet so true",Reddit,en
Thereâ€™s this one word thatâ€™s always missing when this argument is made. Canâ€™t quite remember what though.. oh wait.. LEGAL! Thatâ€™s it!,Reddit,en
Dude trumps wives are like slaves probably.,Reddit,en
Theyre white though..whites cant be immigrants.,Reddit,en
"Y'all still talking about him, huh?",Reddit,en
Those are some 2 rich ex wives. Alien or not. Lol,Reddit,en
"Purely for information purposes, the wives in question are from Slovenia and Czech Republic.",Reddit,en
Also proving trump isn't racist,Reddit,en
Hear me out: immigrants willingly taking underpaid jobs enable businesses to continuously keep salaries low. Iâ€™m not left wing nor right wing but I see the problem everywhere.,Reddit,en
"I know it's a joke, but typical of the Left, conflating legal and illegal immigrants. I'm a legal immigrant.",Reddit,en
Hahaha+so funny+orange man+so vindicated+can now finally get erect,Reddit,en
He only put up the border to keep out the people who have criminal history,Reddit,en
Itâ€™s the repubs faultâ€¦..everything is. If weâ€™d just listen to Biden Covid would be gone completely!,Reddit,en
Trump marrying a few immigrants in his life when he deported many in his presidency is maybe the worst irony I've ever heard,Reddit,en
HA !!,Reddit,en
"Lol okay thatâ€™s funny, better then orange man bad.",Reddit,en
but not towel heads from third world countries. that's the difference.,Reddit,en
I wonder if they were living rent free also.,Reddit,en
"Proves this guy is not xenophobic.  In addition, his daughter married a Jew and converted.  Chelsea did the same but of course she did not covert.  That makes Trump racist.  You figure.",Reddit,en
those two wives came from Nations of predominantly white people and they could speak English. an amazingly they came here legally,Reddit,en
r/holup its more insulting to immigrants than supporting,Reddit,en
"This is a joke, not a statement of fact. It's actually funny and well thought out. Get your heads out of your asses.",Reddit,en
r/woosh,Reddit,en
That's not what is said. It just says that immigrants are willing (or forced) to do jobs that Americans don't want to do. That's a big difference.,Reddit,en
Yet republicans take away the existence of legal immigration every chance they get,Reddit,en
">Trump and the majority of conservatives have zero issues with immigrants. The problem we have is specifically illegal immigrants. I see this â€œargumentâ€ thrown around frequently and it just comes off as silly and misguided.  Then why aren't there any real conservative endeavors to make legal immigration easier? Why aren't conservatives scrambling to encourage immigrants when immigrants make more jobs per capita through creation of businesses, tend to be more educated, wealthier, more successful, and contribute more to the economy?  Why do conservatives rally against the scapegoat of ""illegal immigrants"" when a bigger issue is American-caused instabilities in regions that immigrate to the US, all the while those undocumented immigrants are *also* beneficial to the economy?  The agricultural industry would crash if all illegal immigrants were immediately found and deported.",Reddit,en
r/itswooooshwith4os,Reddit,en
"Ok sure, she totally didnt [mean it like that](https://youtu.be/NJC_MNjw4E0). And yes, you are literally saying we should do your shit jobs, I have a degree and I want to work as a professional animator, why the fuck should I be willing to clean your fucking toilet?  \>  immigrants are willing (or forced) to do jobs that Americans don't want to do  \> Immigrants do the jobs that americans are too good for  you are saying americans ARE above immigrants you moron. Immigrants are engineering your railways in California and keeping international trade coming into your ports in Texas.  If the job is so dirty that you dont want to do it, why do you believe i want to clean your shit? Chinga tu puta madre racista de mierda",Reddit,en
Only if they're brown.,Reddit,en
"as a (swiss)german, i'd take to this badly in the first place.  but it is a whole other level of disrespect to say this with the possibility of the russians actually ethically cleansing a country with 44 mio inhabitants  you are throwing a word you don't know the meaning of around at everyone.  as a byproduct of this you are relevating the word fascist and fascism, thereby helping *actual* fascists.  forgive me my strong wording, but you are ignorant and an idiot.",Reddit,en
Really bro? Someone disagree with you and you call them fascist? Really?,Reddit,en
"She did not say anything like that, and if you don't understand language and/or sarcasm, that's your problem. And don't you f\*cking put words in my mouth that I never wrote!",Reddit,en
Good point I agree. Whelp my shitter is clogged with your garbage mexican degree you better get to it.,Reddit,en
bro doesnt even know what it means,Reddit,en
ğŸ˜‚,Reddit,en
Vaseline - dead dino juice,Reddit,en
"I like this, good job",Reddit,en
"Yooo, how have I not thought of this",Reddit,en
"Fun fact, only like 1% of petroleum comes from dinosaurs so your plastic dinosaur is 1% of a real dinosaur",Reddit,en
fossil fuel is a misnomer,Reddit,en
[https://www.plasticstoday.com/materials/sorry-folks-oil-does-not-come-from-dinosaurs](https://www.plasticstoday.com/materials/sorry-folks-oil-does-not-come-from-dinosaurs),Reddit,en
ğŸ˜‚ğŸ˜‚ğŸ˜‚,Reddit,en
ğŸ˜…,Reddit,en
Thank you,Reddit,en
This guy is great,Reddit,en
I could listen to him all day. He's got a great audio book voice.,Reddit,en
Is that Will Forteâ€™s brother?,Reddit,en
"You all are lucky to use technology. I grew up in a class with wooden benches , blackboard ,chalk dus,t rulers and a  bamboo stick , teachers used to whack our butts with . Discipline and respect was paramount to them .",Reddit,en
It can be whatever you want it to be. That isn't the case.,Reddit,en
I have same crap technology- outdated even 10 years ago,Reddit,en
Teachers like this is why itâ€™s so funny to act out.,Reddit,en
That was soooo funny,Reddit,en
Funny. Thatâ€™s so funny.,Reddit,en
I don't think you know what sarcasm means,Reddit,en
"So many questions - â€œsingle, double burger, triple, what kind of bun, veggie burger? Lettuce,tomato, sauce any? Fries - regular, potato??? Small, medium or large? Ketchup, mayo, mustard????â€",Reddit,en
Hey dm me,Reddit,en
Now here's a guy who knows what sarcasm is,Reddit,en
"i bet its two number 9s, a number 9 large, a number 6 with extra dip, a number 7, two number 45s, one with cheese, and a large soda",Reddit,en
So basically a torpedo straight up Voldemorts asshole. I like it!!,Reddit,en
Rehearsing right now,Reddit,en
then she left...,Reddit,en
I started wheezing. I literally thought I was gonna have an asthma attack over this.,Reddit,en
Who tf made this? I donâ€™t believe it was a human being.,Reddit,en
"""Enjoy your game time""",Reddit,en
Ahh jeez Rick. I-i-i feel so funny fo-for some re-reason,Reddit,en
aww jeez,Reddit,en
r/fellowkids vibes hitting me,Reddit,en
Why no one is asking why the hell there are 6 morty heads?,Reddit,en
Rick exists.,Reddit,en
Itâ€™s time to get a watch,Reddit,en
"""Harry Styles here, with some random kid so you know I'm charming! Hey mate, could you hurry it up with the fire, right?""",Reddit,en
Same face when you try to eat salt on your nose,Reddit,en
"Here is what the linked meme says in case it is blocked at your school/work or is unavailable for any reason:  #***sarcastic saint***    >***Post Title:***  *arrows*   >***Top:***  *WOW, AN ARROW.*   >***Bottom:***  *SOOO ORIGINAL.*     [Original Link^1](http://imgur.com/jXiqsEC) | [Meme Template^2](http://imgur.com/memegen/create/jXiqsEC)",Reddit,en
Man I really need one for daily life,Reddit,en
I thought this was the r/philadelphia group for a second,Reddit,en
I read this august actually tastes like 5 minutes,Reddit,en
"As a master of the obvious, this guy is sucking off a door knob",Reddit,en
r/lostredditors ?,Reddit,en
Yeah but class divide is cool and all.,Reddit,en
sArcAsM,Reddit,en
What episode?,Reddit,en
done,Reddit,en
We'll they're not wrong,Reddit,en
I only made it to Prague that year.,Reddit,en
Are those bullet shells??,Reddit,en
"100% true. You didn't expected them to live for more then 223 yeas, did you? They got the chick pox vaccine, not the immortality vaccine.",Reddit,en
havent seen a single funny cookie run meme,Reddit,en
I think you should freeze all motor functions first.,Reddit,en
"Me too, kid. Me tooâ€¦.",Reddit,en
"\>:( BUT I TOLD SOMEONE WITH ASMA TO BEATH AND THEN THEY CAN BEATHG, I AM OFENDID BY U REMARK U NOOB",Reddit,en
Isn't that the pocket for storing a politician's brain?,Reddit,en
That hair tho,Reddit,en
Whereâ€™s that lady that shit in the freezer section? Sheâ€™s got a target to aim for this time.,Reddit,en
"1 BILLION views for Never Gonna Give You Up!Â  Amazing, crazy, wonderful! Rick â™¥ï¸",YouTube,en
yea,YouTube,en
"They really made the website redirect to this, holy hell",YouTube,en
Ğ Ğ³Ğ´Ğµ Ğ¼Ğ¾Ğ¸ Ñ€Ğ¾Ğ±ÑƒĞºÑÑ‹?(,YouTube,en
My favorite song forever â¤ï¸,YouTube,en
MTF I was rickrolled ğŸ˜,YouTube,en
(Its 2025 and this is my second comment) DOES ANY ONE STILL LISTEN TO THIS WORK OF ART!?? ğŸ”¥,YouTube,en
No i got rickroll ğŸ’€,YouTube,en
Never gets old...,YouTube,en
rickrolled @thekingte,YouTube,en
I just got rickrolled by my friends...,YouTube,en
ğŸ˜¢ğŸ˜¢ğŸ˜¢ğŸ‰ğŸ‰ğŸ˜‚ğŸ˜‚,YouTube,en
"Hi guys, i'm here",YouTube,en
Ğ“Ğ´Ğµ Ñ€Ğ¾Ğ±Ğ»ÑƒĞºÑÑ‹,YouTube,en
I haven't been rickrolled for 3 years.,YouTube,en
WAIT WHERES MY FREE ROBUX,YouTube,en
It's not free robux,YouTube,en
1.6 billion got rickrolled ğŸ”¥ğŸ”¥,YouTube,en
March 2025â¤,YouTube,en
i LOVE,YouTube,en
"""ibelievechatgptisasuitablereplacementforatherapist"" d4a",YouTube,en
no way i just got rickrolled in the big 25,YouTube,en
Rickrolled after the last time in 2022,YouTube,en
But link said free vbuck,YouTube,en
Im still in 2025 and this is still good,YouTube,en
Okay I just get rickrolled...,YouTube,en
i got rick rolled by chatGPT.. love the internet,YouTube,en
Love from belugA,YouTube,en
There is a reason why there is 1.1b view's,YouTube,en
This song never gets old,YouTube,en
Im Rickrolled.,YouTube,en
whos whatching here in 2025,YouTube,en
Anyone in 2025 ğŸ‘‡,YouTube,en
16 years later... skibidi toiled ???ğŸ˜‚,YouTube,en
I will sue roblox,YouTube,en
"Ah. The memories. I used to get Rick Rolled by my friends all the time. Now that Iâ€™m in high school, everyone is to busy to have time together, unless itâ€™s a long breakğŸ˜¢",YouTube,en
Talk about a perfect dance song with great lyrics ğŸ¶ğŸ¶ğŸ¶ğŸ¶ğŸ‘ğŸ˜ğŸ˜ğŸ‘ğŸ’¯ğŸ’¯ğŸ’¯ğŸ«‚ğŸ’•ğŸ’“ğŸ’“lovers delight song wonder feeling song â¤ï¸â¤ï¸ğŸ™ Judy ğŸŒŸ and sky shadow daddy pufferfish Judy ğŸ˜‚ that's awesome ğŸ‘ğŸ˜ğŸ‘ğŸ˜ğŸ¶ğŸ¶ğŸ¶ğŸ¶ğŸ¶ğŸ¶ğŸ¶ğŸ¶ğŸ¶ğŸ¶,YouTube,en
"Ğ­, Ğ° Ğ³Ğ´Ğµ Ñ‚ÑƒÑ‚ Ğ±ĞµÑĞ¿Ğ»Ğ°Ğ´Ğ½Ğ°Ñ Ğ¿Ğ¾Ğ´Ğ°Ñ€Ğ¾Ñ‡Ğ½Ğ°Ñ ĞºĞ°Ñ€Ñ‚Ğ° ÑÑ‚Ğ¸Ğ¼Ğ° ? ğŸ˜¢",YouTube,en
My daughter Rick rolled me today. Fantastic.,YouTube,en
"jokes on you The Odin Project, my youtube have ads",YouTube,en
fuck youtube ğŸ˜¡,YouTube,en
2:55 cgcfffff,YouTube,en
Depressing reminder: people know more about dandys world then this masterpiece,YouTube,en
ĞœĞ•ĞĞ¯ Ğ—ĞĞ¢Ğ ĞĞ›Ğ˜Ğ›Ğ˜!!!,YouTube,en
How many came from D4a? Where can I put the code?,YouTube,en
Legit forgot that I had this link on a document for no reason and rick rolled myself.,YouTube,en
Old school internet was crazy,YouTube,en
2025 3 17 there,YouTube,en
Bro this link is rickroll,YouTube,en
Got rick rolled,YouTube,en
Why don't we all go back to this life vibe,YouTube,en
I Rick rolled myself,YouTube,en
"This is one of my son's favorite songs (age 7).  One day, on our way home from church, we heard this song.  My son said, ""Mommy, this is your song.  I know you'll never give up on me or Daddy or let us down.  And you won't leave us, either!""  I nearly cried with happiness.",YouTube,en
People who scanned a QR code â¬‡ï¸,YouTube,en
Where my Robux?,YouTube,en
Gonna leave my comment here for future generations,YouTube,en
Bro how this got 1.6B people rickrolled,YouTube,en
Rick rolling is the reason this reached 1 billion views,YouTube,en
ĞœĞ½Ğµ ÑĞºĞ°Ğ·Ğ°Ğ»Ğ¸ Ñ‚ÑƒÑ‚ Ğ±ĞµÑĞ¿Ğ»Ğ°Ñ‚Ğ½Ñ‹Ğµ Ñ€Ğ¾Ğ±ÑƒĞºÑÑ‹ Ğ° Ğ³Ğ´Ğµ,YouTube,en
So here we areâ€¦,YouTube,en
Y dicen que los hombres son mejores es sus 30... ğŸ˜‚ğŸ˜‚ğŸ˜‚ Que gran mentira...  Miren a ese chico en el vÃ­deo... Ganador y en lo mÃ¡s alto...  La mejor etapa de un hombre es entre sus 20 a los 30.. su mejor momento... EnergÃ­a al mÃ¡ximo.. ganas de vivir... Juventud al mÃ¡ximo... Mas posibilidades de triunfar... Mas posibilidades de encontrar una vida... La paciencia es la clave del Ã©xito...  Tengo 24 aÃ±os y me siento en mi mejor momento.... La juventud sale por mi piel...,YouTube,en
Wish I couldn't get Rick rolled,YouTube,en
Meme of the century,YouTube,en
Hear u March 2025 â¤ğŸ˜Š,YouTube,en
ãƒœã‚¤ã‚¹ãŒç¾ã—ã„,YouTube,en
3025 anyone?,YouTube,en
AquÃ­ los que viene por lo de la beca,YouTube,en
GOD DAMMMMMMMNNN IT!!!!!!!!!,YouTube,en
I got rick roll noooooooo,YouTube,en
Im 2030 whos rocking this mother ship,YouTube,en
One of the great hits of the 80s. He was probably in his 20s but listen to that rich base in his voice!,YouTube,en
I got rickrolled in the big 25 :( (banger song tho),YouTube,en
I got rolled by a BUTTON ğŸ˜‚,YouTube,en
Is it dead now?,YouTube,en
Im Fuckin g9dğŸ˜‚,YouTube,en
I dont get why is this a meme? Gotta expect that chicken song is gonna be a meme one day,YouTube,en
Absolutely masterpiece of a song AND a meme. It truly has rickrolled half of the population of earth ğŸ˜‚,YouTube,en
You get rick roll!!,YouTube,en
"If I see this in Roblox, wow thereâ€™s free Robux I would be like what",YouTube,en
Never gonna give you up never gonna give you down,YouTube,en
Where's the attractive femboy?,YouTube,en
Classic,YouTube,en
Where my robux,YouTube,en
The trolling song ğŸ˜‚ğŸ˜‚ legend ğŸ˜‚ğŸ˜‚,YouTube,en
"Damn it, this is not the Reddit post I was looking for??",YouTube,en
Where is my 1 million gems in clash of clans !!,YouTube,en
Yo thanks for the song I rick rolled my whole school!!!ğŸ˜ŠğŸ˜‚,YouTube,en
Rickrolls were revived in 2022 for a short while. Good times,YouTube,en
Did I really got Rick rolled from An Elmwood trail,YouTube,en
i rick rolled my band teacher,YouTube,en
can we make this a meme again,YouTube,en
Everyone get Rick rold,YouTube,en
I got rickrolled,YouTube,en
wait. your still alive,YouTube,en
0:34 SpongeBob laugh?,YouTube,en
This song even made people memorized the link,YouTube,en
"ABURRE ESTA CANCION , La ponen a Tocar cada segundo.",YouTube,en
Meeeeeeee,YouTube,en
2036 anyone,YouTube,en
I remember this song ğŸ¶ â¤ğŸ˜Šâ¤â¤ ğŸ˜Šâ¤â¤ğŸ˜Šâ¤â¤ğŸ˜Šâ¤â¤ğŸ˜Š,YouTube,en
